time_seconds,time_between_measurements,temperature_c,total_volume,volume_delta,concentration,ph,net_charge
0.0,0.0,20.0,2500.0,0.0,0.0,12.144,-6.965784e-05
60.0,60.0,20.0,2500.0,0.0,0.0,12.155,-7.0551269e-05
80.3,20.0,20.0,2500.1,0.1,0.019999,12.156,-7.058505e-05
102.5,22.0,20.0,2500.2,0.1,0.039997,12.155,-7.0454127e-05
123.1,21.0,20.0,2500.3,0.1,0.059993,12.155,-7.0405556e-05
143.8,21.0,20.0,2500.4,0.1,0.079987,12.153,-7.0192829e-05
164.4,20.0,20.0,2500.5,0.1,0.09998,12.152,-7.0062453e-05
185.1,21.0,20.0,2500.6,0.1,0.119971,12.151,-6.9932259e-05
207.5,22.0,20.0,2500.7,0.1,0.139961,12.149,-6.9721005e-05
228.1,21.0,20.0,2500.8,0.1,0.159949,12.147,-6.9510485e-05
248.7,21.0,20.0,2500.9,0.1,0.179935,12.146,-6.9381199e-05
269.4,20.0,20.0,2501.0,0.1,0.19992,12.144,-6.9171772e-05
290.1,21.0,20.0,2501.1,0.1,0.219903,12.143,-6.9043025e-05
312.4,22.0,20.0,2501.2,0.1,0.239885,12.142,-6.8914457e-05
333.1,21.0,20.0,2501.3,0.1,0.259865,12.14,-6.8706472e-05
353.7,21.0,20.0,2501.4,0.1,0.279843,12.138,-6.8499206e-05
374.4,20.0,20.0,2501.5,0.1,0.29982,12.136,-6.8292657e-05
395.0,21.0,20.0,2501.6,0.1,0.319795,12.134,-6.808682e-05
417.5,22.0,20.0,2501.7,0.1,0.339769,12.133,-6.7959848e-05
438.1,21.0,20.0,2501.8,0.1,0.359741,12.131,-6.7755071e-05
458.8,21.0,20.0,2501.9,0.1,0.379711,12.13,-6.7628622e-05
479.4,20.0,20.0,2502.0,0.1,0.39968,12.128,-6.7424899e-05
500.1,21.0,20.0,2502.1,0.1,0.419648,12.127,-6.729897e-05
522.5,22.0,20.0,2502.2,0.1,0.439613,12.124,-6.7019551e-05
543.1,21.0,20.0,2502.3,0.1,0.459577,12.123,-6.6894312e-05
563.7,21.0,20.0,2502.4,0.1,0.47954,12.121,-6.6693022e-05
584.4,20.0,20.0,2502.5,0.1,0.499501,12.119,-6.6492421e-05
605.1,21.0,20.0,2502.6,0.1,0.51946,12.118,-6.6368035e-05
627.4,22.0,20.0,2502.7,0.1,0.539417,12.116,-6.6168459e-05
648.1,21.0,20.0,2502.8,0.1,0.559373,12.113,-6.5894723e-05
668.7,21.0,20.0,2502.9,0.1,0.579328,12.112,-6.5771348e-05
689.4,20.0,20.0,2503.0,0.1,0.599281,12.11,-6.5573806e-05
710.0,21.0,20.0,2503.1,0.1,0.619232,12.109,-6.545093e-05
732.5,22.0,20.0,2503.2,0.1,0.639182,12.107,-6.5254393e-05
753.1,21.0,20.0,2503.3,0.1,0.65913,12.105,-6.5058523e-05
773.7,21.0,20.0,2503.4,0.1,0.679076,12.102,-6.479033e-05
794.4,20.0,20.0,2503.5,0.1,0.699021,12.102,-6.4741595e-05
815.0,21.0,20.0,2503.6,0.1,0.718965,12.1,-6.4547377e-05
837.4,22.0,20.0,2503.7,0.1,0.738906,12.098,-6.4353816e-05
858.1,21.0,20.0,2503.8,0.1,0.758847,12.095,-6.4089077e-05
878.7,21.0,20.0,2503.9,0.1,0.778785,12.094,-6.3968652e-05
899.4,20.0,20.0,2504.0,0.1,0.798722,12.092,-6.3777044e-05
920.1,21.0,20.0,2504.1,0.1,0.818657,12.091,-6.3657098e-05
942.4,22.0,20.0,2504.2,0.1,0.838591,12.088,-6.3395759e-05
963.1,21.0,20.0,2504.3,0.1,0.858523,12.086,-6.3206077e-05
983.8,21.0,20.0,2504.4,0.1,0.878454,12.084,-6.301703e-05
1004.4,20.0,20.0,2504.5,0.1,0.898383,12.083,-6.289835e-05
1025.1,21.0,20.0,2504.6,0.1,0.91831,12.081,-6.271025e-05
1047.4,22.0,20.0,2504.7,0.1,0.938236,12.079,-6.2522779e-05
1068.1,21.0,20.0,2504.8,0.1,0.95816,12.077,-6.2335934e-05
1088.7,21.0,20.0,2504.9,0.1,0.978083,12.076,-6.2218341e-05
1109.4,20.0,20.0,2505.0,0.1,0.998004,12.073,-6.1964111e-05
1130.0,21.0,20.0,2505.1,0.1,1.017923,12.071,-6.1779127e-05
1152.4,22.0,20.0,2505.2,0.1,1.037841,12.069,-6.1594758e-05
1173.1,21.0,20.0,2505.3,0.1,1.057758,12.067,-6.1411001e-05
1193.7,21.0,20.0,2505.4,0.1,1.077672,12.066,-6.1294934e-05
1214.4,20.0,20.0,2505.5,0.1,1.097585,12.063,-6.1045312e-05
1235.0,21.0,20.0,2505.6,0.1,1.117497,12.062,-6.0929845e-05
1257.4,22.0,20.0,2505.7,0.1,1.137407,12.06,-6.0748205e-05
1278.1,21.0,20.0,2505.8,0.1,1.157315,12.059,-6.0633183e-05
1298.7,21.0,20.0,2505.9,0.1,1.177222,12.056,-6.0386722e-05
1319.4,20.0,20.0,2506.0,0.1,1.197127,12.055,-6.0272291e-05
1340.1,21.0,20.0,2506.1,0.1,1.21703,12.053,-6.0092735e-05
1362.4,22.0,20.0,2506.2,0.1,1.236932,12.051,-5.991377e-05
1383.1,21.0,20.0,2506.3,0.1,1.256833,12.049,-5.9735392e-05
1403.7,21.0,20.0,2506.4,0.1,1.276732,12.047,-5.9557598e-05
1424.4,20.0,20.0,2506.5,0.1,1.296629,12.045,-5.9380387e-05
1445.0,21.0,20.0,2506.6,0.1,1.316524,12.043,-5.9203755e-05
1467.4,22.0,20.0,2506.7,0.1,1.336418,12.042,-5.9091206e-05
1488.1,21.0,20.0,2506.8,0.1,1.356311,12.04,-5.8915435e-05
1508.7,21.0,20.0,2506.9,0.1,1.376202,12.038,-5.8740238e-05
1529.4,20.0,20.0,2507.0,0.1,1.396091,12.036,-5.856561e-05
1550.0,21.0,20.0,2507.1,0.1,1.415979,12.033,-5.8329193e-05
1572.4,22.0,20.0,2507.2,0.1,1.435865,12.032,-5.8218056e-05
1593.1,21.0,20.0,2507.3,0.1,1.455749,12.029,-5.7983333e-05
1613.7,21.0,20.0,2507.4,0.1,1.475632,12.027,-5.7811242e-05
1634.4,20.0,20.0,2507.5,0.1,1.495513,12.025,-5.7639707e-05
1655.0,21.0,20.0,2507.6,0.1,1.515393,12.024,-5.7529676e-05
1677.4,22.0,20.0,2507.7,0.1,1.535271,12.022,-5.7358968e-05
1698.1,21.0,20.0,2507.8,0.1,1.555148,12.02,-5.718881e-05
1718.7,21.0,20.0,2507.9,0.1,1.575023,12.017,-5.6959078e-05
1739.4,20.0,20.0,2508.0,0.1,1.594896,12.016,-5.6850133e-05
1760.0,21.0,20.0,2508.1,0.1,1.614768,12.014,-5.6681609e-05
1782.4,22.0,20.0,2508.2,0.1,1.634638,12.011,-5.6454322e-05
1803.0,21.0,20.0,2508.3,0.1,1.654507,12.01,-5.6346178e-05
1823.7,21.0,20.0,2508.4,0.1,1.674374,12.007,-5.6120502e-05
1844.3,20.0,20.0,2508.5,0.1,1.69424,12.005,-5.5954391e-05
1865.0,21.0,20.0,2508.6,0.1,1.714103,12.005,-5.5905402e-05
1887.4,22.0,20.0,2508.7,0.1,1.733966,12.001,-5.5623752e-05
1908.1,21.0,20.0,2508.8,0.1,1.753827,11.999,-5.5459219e-05
1928.7,21.0,20.0,2508.9,0.1,1.773686,11.997,-5.5295209e-05
1949.4,20.0,20.0,2509.0,0.1,1.793543,11.994,-5.5074672e-05
1970.1,21.0,20.0,2509.1,0.1,1.813399,11.992,-5.4911958e-05
1992.4,22.0,20.0,2509.2,0.1,1.833254,11.99,-5.4749756e-05
2013.1,21.0,20.0,2509.3,0.1,1.853106,11.988,-5.4588066e-05
2033.8,21.0,20.0,2509.4,0.1,1.872958,11.986,-5.4426885e-05
2054.4,20.0,20.0,2509.5,0.1,1.892807,11.984,-5.4266209e-05
2075.1,21.0,20.0,2509.6,0.1,1.912655,11.982,-5.4106038e-05
2097.4,22.0,20.0,2509.7,0.1,1.932502,11.98,-5.3946369e-05
2118.0,21.0,20.0,2509.8,0.1,1.952347,11.978,-5.3787199e-05
2138.8,21.0,20.0,2509.9,0.1,1.97219,11.975,-5.3573904e-05
2159.4,20.0,20.0,2510.0,0.1,1.992032,11.973,-5.3415975e-05
2180.1,21.0,20.0,2510.1,0.1,2.011872,11.972,-5.3312664e-05
2202.4,22.0,20.0,2510.2,0.1,2.031711,11.969,-5.310159e-05
2223.1,21.0,20.0,2510.3,0.1,2.051548,11.967,-5.2945129e-05
2243.7,21.0,20.0,2510.4,0.1,2.071383,11.965,-5.2789153e-05
2264.4,20.0,20.0,2510.5,0.1,2.091217,11.963,-5.263366e-05
2285.1,21.0,20.0,2510.6,0.1,2.111049,11.962,-5.2531552e-05
2307.4,22.0,20.0,2510.7,0.1,2.13088,11.96,-5.2376776e-05
2328.0,21.0,20.0,2510.8,0.1,2.150709,11.957,-5.2170054e-05
2348.7,21.0,20.0,2510.9,0.1,2.170536,11.955,-5.201647e-05
2369.4,20.0,20.0,2511.0,0.1,2.190362,11.953,-5.1863357e-05
2390.1,21.0,20.0,2511.1,0.1,2.210187,11.95,-5.1659122e-05
2412.4,22.0,20.0,2511.2,0.1,2.23001,11.949,-5.1558539e-05
2433.0,21.0,20.0,2511.3,0.1,2.249831,11.947,-5.1406828e-05
2453.7,21.0,20.0,2511.4,0.1,2.26965,11.945,-5.1255581e-05
2474.4,20.0,20.0,2511.5,0.1,2.289468,11.942,-5.1054138e-05
2495.0,21.0,20.0,2511.6,0.1,2.309285,11.94,-5.0904042e-05
2517.4,22.0,20.0,2511.7,0.1,2.3291,11.938,-5.0754402e-05
2538.0,21.0,20.0,2511.8,0.1,2.348913,11.936,-5.0605215e-05
2558.7,21.0,20.0,2511.9,0.1,2.368725,11.933,-5.0406854e-05
2579.4,20.0,20.0,2512.0,0.1,2.388535,11.931,-5.0258795e-05
2600.0,21.0,20.0,2512.1,0.1,2.408344,11.928,-5.006212e-05
2622.4,22.0,20.0,2512.2,0.1,2.428151,11.927,-4.9964015e-05
2643.0,21.0,20.0,2512.3,0.1,2.447956,11.924,-4.9768673e-05
2663.7,21.0,20.0,2512.4,0.1,2.46776,11.921,-4.9574326e-05
2684.3,20.0,20.0,2512.5,0.1,2.487562,11.92,-4.9476985e-05
2705.0,21.0,20.0,2512.6,0.1,2.507363,11.917,-4.928395e-05
2727.4,22.0,20.0,2512.7,0.1,2.527162,11.915,-4.9139411e-05
2748.0,21.0,20.0,2512.8,0.1,2.54696,11.912,-4.8948002e-05
2768.7,21.0,20.0,2512.9,0.1,2.566756,11.91,-4.8804538e-05
2789.4,20.0,20.0,2513.0,0.1,2.58655,11.907,-4.8614736e-05
2810.0,21.0,20.0,2513.1,0.1,2.606343,11.906,-4.8518886e-05
2832.4,22.0,20.0,2513.2,0.1,2.626134,11.903,-4.8330355e-05
2853.0,21.0,20.0,2513.3,0.1,2.645924,11.9,-4.8142772e-05
2873.7,21.0,20.0,2513.4,0.1,2.665712,11.898,-4.8001837e-05
2894.4,20.0,20.0,2513.5,0.1,2.685498,11.896,-4.7861316e-05
2915.0,21.0,20.0,2513.6,0.1,2.705283,11.893,-4.7675917e-05
2937.4,22.0,20.0,2513.7,0.1,2.725067,11.891,-4.7536425e-05
2958.0,21.0,20.0,2513.8,0.1,2.744848,11.888,-4.7352565e-05
2978.7,21.0,20.0,2513.9,0.1,2.764629,11.886,-4.721409e-05
2999.4,20.0,20.0,2514.0,0.1,2.784407,11.884,-4.7076019e-05
3020.0,21.0,20.0,2514.1,0.1,2.804184,11.882,-4.6938348e-05
3042.4,22.0,20.0,2514.2,0.1,2.82396,11.879,-4.6757213e-05
3063.0,21.0,20.0,2514.3,0.1,2.843734,11.876,-4.6576974e-05
3083.7,21.0,20.0,2514.4,0.1,2.863506,11.874,-4.6440894e-05
3104.4,20.0,20.0,2514.5,0.1,2.883277,11.872,-4.6305206e-05
3125.0,21.0,20.0,2514.6,0.1,2.903046,11.869,-4.6127034e-05
3147.4,22.0,20.0,2514.7,0.1,2.922814,11.866,-4.594974e-05
3168.0,21.0,20.0,2514.8,0.1,2.94258,11.863,-4.5773318e-05
3188.7,21.0,20.0,2514.9,0.1,2.962344,11.861,-4.5639759e-05
3209.4,20.0,20.0,2515.0,0.1,2.982107,11.859,-4.5506581e-05
3230.1,21.0,20.0,2515.1,0.1,3.001869,11.856,-4.5332164e-05
3252.4,22.0,20.0,2515.2,0.1,3.021628,11.853,-4.5158599e-05
3273.0,21.0,20.0,2515.3,0.1,3.041387,11.851,-4.502693e-05
3293.7,21.0,20.0,2515.4,0.1,3.061143,11.848,-4.485477e-05
3314.4,20.0,20.0,2515.5,0.1,3.080898,11.845,-4.4683445e-05
3335.0,21.0,20.0,2515.6,0.1,3.100652,11.843,-4.4553257e-05
3357.4,22.0,20.0,2515.7,0.1,3.120404,11.84,-4.4383312e-05
3378.0,21.0,20.0,2515.8,0.1,3.140154,11.837,-4.4214188e-05
3398.7,21.0,20.0,2515.9,0.1,3.159903,11.834,-4.4045879e-05
3419.4,20.0,20.0,2516.0,0.1,3.17965,11.832,-4.3917683e-05
3440.1,21.0,20.0,2516.1,0.1,3.199396,11.83,-4.3789844e-05
3462.4,22.0,20.0,2516.2,0.1,3.21914,11.826,-4.3584557e-05
3483.0,21.0,20.0,2516.3,0.1,3.238882,11.824,-4.3457779e-05
3503.7,21.0,20.0,2516.4,0.1,3.258623,11.821,-4.3292936e-05
3524.4,20.0,20.0,2516.5,0.1,3.278363,11.819,-4.3167031e-05
3545.1,21.0,20.0,2516.6,0.1,3.298101,11.817,-4.3041472e-05
3567.4,22.0,20.0,2516.7,0.1,3.317837,11.814,-4.2878452e-05
3588.0,21.0,20.0,2516.8,0.1,3.337572,11.81,-4.2678746e-05
3608.7,21.0,20.0,2516.9,0.1,3.357305,11.807,-4.2517524e-05
3629.4,20.0,20.0,2517.0,0.1,3.377036,11.806,-4.2431046e-05
3650.0,21.0,20.0,2517.1,0.1,3.396766,11.803,-4.2270835e-05
3672.4,22.0,20.0,2517.2,0.1,3.416495,11.8,-4.2111378e-05
3693.0,21.0,20.0,2517.3,0.1,3.436221,11.797,-4.1952671e-05
3713.7,21.0,20.0,2517.4,0.1,3.455947,11.794,-4.1794707e-05
3734.3,20.0,20.0,2517.5,0.1,3.47567,11.791,-4.1637483e-05
3755.0,21.0,20.0,2517.6,0.1,3.495392,11.789,-4.1516613e-05
3777.3,22.0,20.0,2517.7,0.1,3.515113,11.785,-4.1325231e-05
3798.0,21.0,20.0,2517.8,0.1,3.534832,11.783,-4.1205327e-05
3818.7,21.0,20.0,2517.9,0.1,3.554549,11.781,-4.1085743e-05
3839.4,20.0,20.0,2518.0,0.1,3.574265,11.778,-4.0931659e-05
3860.1,21.0,20.0,2518.1,0.1,3.59398,11.775,-4.0778289e-05
3882.3,22.0,20.0,2518.2,0.1,3.613692,11.771,-4.0591364e-05
3903.0,21.0,20.0,2518.3,0.1,3.633403,11.769,-4.0473664e-05
3923.7,21.0,20.0,2518.4,0.1,3.653113,11.766,-4.0322402e-05
3944.4,20.0,20.0,2518.5,0.1,3.672821,11.763,-4.0171832e-05
3965.0,21.0,20.0,2518.6,0.1,3.692528,11.76,-4.002195e-05
3987.3,22.0,20.0,2518.7,0.1,3.712233,11.757,-3.9872752e-05
4008.0,21.0,20.0,2518.8,0.1,3.731936,11.754,-3.9724234e-05
4028.7,21.0,20.0,2518.9,0.1,3.751638,11.751,-3.9576389e-05
4049.4,20.0,20.0,2519.0,0.1,3.771338,11.748,-3.9429214e-05
4070.1,21.0,20.0,2519.1,0.1,3.791036,11.745,-3.9282704e-05
4092.3,22.0,20.0,2519.2,0.1,3.810734,11.742,-3.9136855e-05
4113.0,21.0,20.0,2519.3,0.1,3.830429,11.739,-3.8991662e-05
4133.7,21.0,20.0,2519.4,0.1,3.850123,11.736,-3.884712e-05
4154.3,20.0,20.0,2519.5,0.1,3.869815,11.732,-3.867189e-05
4175.0,21.0,20.0,2519.6,0.1,3.889506,11.73,-3.8559973e-05
4197.3,22.0,20.0,2519.7,0.1,3.909196,11.726,-3.8386452e-05
4218.0,21.0,20.0,2519.8,0.1,3.928883,11.723,-3.8244684e-05
4238.7,21.0,20.0,2519.9,0.1,3.948569,11.72,-3.8103543e-05
4259.3,20.0,20.0,2520.0,0.1,3.968254,11.717,-3.7963027e-05
4280.0,21.0,20.0,2520.1,0.1,3.987937,11.713,-3.7793129e-05
4302.3,22.0,20.0,2520.2,0.1,4.007618,11.71,-3.7654053e-05
4323.0,21.0,20.0,2520.3,0.1,4.027298,11.708,-3.7545178e-05
4343.7,21.0,20.0,2520.4,0.1,4.046977,11.704,-3.7377725e-05
4364.4,20.0,20.0,2520.5,0.1,4.066653,11.701,-3.7240465e-05
4385.1,21.0,20.0,2520.6,0.1,4.086329,11.698,-3.7103802e-05
4407.3,22.0,20.0,2520.7,0.1,4.106002,11.694,-3.693901e-05
4428.0,21.0,20.0,2520.8,0.1,4.125674,11.69,-3.6775265e-05
4448.7,21.0,20.0,2520.9,0.1,4.145345,11.686,-3.6612558e-05
4469.3,20.0,20.0,2521.0,0.1,4.165014,11.683,-3.6478824e-05
4490.0,21.0,20.0,2521.1,0.1,4.184681,11.679,-3.6317911e-05
4512.3,22.0,20.0,2521.2,0.1,4.204347,11.676,-3.6185509e-05
4533.0,21.0,20.0,2521.3,0.1,4.224011,11.673,-3.6053671e-05
4553.6,21.0,20.0,2521.4,0.1,4.243674,11.67,-3.5922394e-05
4574.3,20.0,20.0,2521.5,0.1,4.263335,11.665,-3.5737858e-05
4595.0,21.0,20.0,2521.6,0.1,4.282995,11.662,-3.5608057e-05
4617.3,22.0,20.0,2521.7,0.1,4.302653,11.658,-3.5452354e-05
4638.0,21.0,20.0,2521.8,0.1,4.322309,11.654,-3.5297616e-05
4658.7,21.0,20.0,2521.9,0.1,4.341964,11.651,-3.5169802e-05
4679.4,20.0,20.0,2522.0,0.1,4.361618,11.647,-3.501673e-05
4700.0,21.0,20.0,2522.1,0.1,4.38127,11.643,-3.4864599e-05
4722.3,22.0,20.0,2522.2,0.1,4.40092,11.639,-3.4713401e-05
4743.0,21.0,20.0,2522.3,0.1,4.420569,11.636,-3.4588216e-05
4763.7,21.0,20.0,2522.4,0.1,4.440216,11.633,-3.4463547e-05
4784.4,20.0,20.0,2522.5,0.1,4.459861,11.628,-3.4289949e-05
4805.0,21.0,20.0,2522.6,0.1,4.479505,11.624,-3.414217e-05
4827.3,22.0,20.0,2522.7,0.1,4.499148,11.62,-3.3995284e-05
4848.0,21.0,20.0,2522.8,0.1,4.518789,11.616,-3.3849282e-05
4868.7,21.0,20.0,2522.9,0.1,4.538428,11.612,-3.3704157e-05
4889.4,20.0,20.0,2523.0,0.1,4.558066,11.609,-3.3583485e-05
4910.1,21.0,20.0,2523.1,0.1,4.577702,11.605,-3.3439874e-05
4932.3,22.0,20.0,2523.2,0.1,4.597337,11.601,-3.3297116e-05
4953.0,21.0,20.0,2523.3,0.1,4.61697,11.597,-3.3155206e-05
4973.7,21.0,20.0,2523.4,0.1,4.636601,11.593,-3.3014135e-05
4994.3,20.0,20.0,2523.5,0.1,4.656231,11.588,-3.2851367e-05
5015.0,21.0,20.0,2523.6,0.1,4.67586,11.584,-3.2712156e-05
5037.3,22.0,20.0,2523.7,0.1,4.695487,11.58,-3.257376e-05
5057.9,21.0,20.0,2523.8,0.1,4.715112,11.576,-3.2436171e-05
5078.6,21.0,20.0,2523.9,0.1,4.734736,11.572,-3.2299381e-05
5099.3,20.0,20.0,2524.0,0.1,4.754358,11.568,-3.2163383e-05
5119.9,21.0,20.0,2524.1,0.1,4.773979,11.564,-3.2028171e-05
5142.3,22.0,20.0,2524.2,0.1,4.793598,11.559,-3.1872658e-05
5163.0,21.0,20.0,2524.3,0.1,4.813216,11.554,-3.1718348e-05
5183.7,21.0,20.0,2524.4,0.1,4.832832,11.551,-3.1606477e-05
5204.4,20.0,20.0,2524.5,0.1,4.852446,11.546,-3.1454063e-05
5225.0,21.0,20.0,2524.6,0.1,4.872059,11.542,-3.1323044e-05
5247.3,22.0,20.0,2524.7,0.1,4.89167,11.537,-3.1172723e-05
5268.0,21.0,20.0,2524.8,0.1,4.91128,11.533,-3.1043359e-05
5288.7,21.0,20.0,2524.9,0.1,4.930888,11.529,-3.0914719e-05
5309.4,20.0,20.0,2525.0,0.1,4.950495,11.525,-3.0786797e-05
5330.0,21.0,20.0,2525.1,0.1,4.9701,11.52,-3.0640312e-05
5352.3,22.0,20.0,2525.2,0.1,4.989704,11.516,-3.0513982e-05
5373.0,21.0,20.0,2525.3,0.1,5.009306,11.51,-3.0350631e-05
5393.7,21.0,20.0,2525.4,0.1,5.028906,11.506,-3.0226033e-05
5414.3,20.0,20.0,2525.5,0.1,5.048505,11.502,-3.0102116e-05
5435.0,21.0,20.0,2525.6,0.1,5.068103,11.497,-2.9960589e-05
5457.3,22.0,20.0,2525.7,0.1,5.087698,11.492,-2.9820106e-05
5477.9,21.0,20.0,2525.8,0.1,5.107293,11.487,-2.9680656e-05
5498.6,21.0,20.0,2525.9,0.1,5.126885,11.483,-2.9559892e-05
5519.3,20.0,20.0,2526.0,0.1,5.146477,11.479,-2.9439773e-05
5540.0,21.0,20.0,2526.1,0.1,5.166066,11.474,-2.930295e-05
5562.3,22.0,20.0,2526.2,0.1,5.185654,11.468,-2.9150011e-05
5583.0,21.0,20.0,2526.3,0.1,5.205241,11.464,-2.9032265e-05
5603.6,21.0,20.0,2526.4,0.1,5.224826,11.459,-2.8898379e-05
5624.3,20.0,20.0,2526.5,0.1,5.244409,11.453,-2.8748922e-05
5645.0,21.0,20.0,2526.6,0.1,5.263991,11.448,-2.8617129e-05
5667.3,22.0,20.0,2526.7,0.1,5.283571,11.443,-2.8486268e-05
5687.9,21.0,20.0,2526.8,0.1,5.30315,11.439,-2.8372299e-05
5708.6,21.0,20.0,2526.9,0.1,5.322727,11.433,-2.8227303e-05
5729.3,20.0,20.0,2527.0,0.1,5.342303,11.428,-2.8099178e-05
5750.0,21.0,20.0,2527.1,0.1,5.361877,11.422,-2.7956551e-05
5772.3,22.0,20.0,2527.2,0.1,5.38145,11.417,-2.7830374e-05
5792.9,21.0,20.0,2527.3,0.1,5.401021,11.412,-2.7705066e-05
5813.6,21.0,20.0,2527.4,0.1,5.42059,11.406,-2.7565779e-05
5834.3,20.0,20.0,2527.5,0.1,5.440158,11.4,-2.7427713e-05
5854.9,21.0,20.0,2527.6,0.1,5.459725,11.395,-2.7305287e-05
5877.3,22.0,20.0,2527.7,0.1,5.479289,11.39,-2.7183688e-05
5897.9,21.0,20.0,2527.8,0.1,5.498853,11.383,-2.7034722e-05
5918.6,21.0,20.0,2527.9,0.1,5.518414,11.378,-2.6915068e-05
5939.2,20.0,20.0,2528.0,0.1,5.537975,11.372,-2.6782485e-05
5959.9,21.0,20.0,2528.1,0.1,5.557533,11.366,-2.6651031e-05
5982.3,22.0,20.0,2528.2,0.1,5.57709,11.359,-2.6507371e-05
6002.9,21.0,20.0,2528.3,0.1,5.596646,11.353,-2.6378313e-05
6023.6,21.0,20.0,2528.4,0.1,5.6162,11.347,-2.6250337e-05
6044.3,20.0,20.0,2528.5,0.1,5.635752,11.341,-2.6123427e-05
6064.9,21.0,20.0,2528.6,0.1,5.655303,11.334,-2.5984993e-05
6087.3,22.0,20.0,2528.7,0.1,5.674853,11.327,-2.5847968e-05
6108.0,21.0,20.0,2528.8,0.1,5.694401,11.322,-2.5736719e-05
6128.7,21.0,20.0,2528.9,0.1,5.713947,11.314,-2.5590047e-05
6149.3,20.0,20.0,2529.0,0.1,5.733491,11.307,-2.545693e-05
6170.0,21.0,20.0,2529.1,0.1,5.753035,11.301,-2.5336771e-05
6192.3,22.0,20.0,2529.2,0.1,5.772576,11.294,-2.5206098e-05
6213.0,21.0,20.0,2529.3,0.1,5.792116,11.286,-2.5065448e-05
6233.6,21.0,20.0,2529.4,0.1,5.811655,11.279,-2.4937507e-05
6254.3,20.0,20.0,2529.5,0.1,5.831192,11.272,-2.4810811e-05
6275.0,21.0,20.0,2529.6,0.1,5.850727,11.265,-2.4685337e-05
6297.3,22.0,20.0,2529.7,0.1,5.870261,11.257,-2.4550528e-05
6317.9,21.0,20.0,2529.8,0.1,5.889794,11.249,-2.4417265e-05
6338.6,21.0,20.0,2529.9,0.1,5.909324,11.241,-2.4285517e-05
6359.2,20.0,20.0,2530.0,0.1,5.928854,11.234,-2.4165232e-05
6380.0,21.0,20.0,2530.1,0.1,5.948381,11.226,-2.4036254e-05
6402.3,22.0,20.0,2530.2,0.1,5.967908,11.218,-2.3908714e-05
6422.9,21.0,20.0,2530.3,0.1,5.987432,11.21,-2.3782586e-05
6443.6,20.0,20.0,2530.4,0.1,6.006955,11.202,-2.3657845e-05
6464.3,21.0,20.0,2530.5,0.1,6.026477,11.193,-2.3525368e-05
6484.9,21.0,20.0,2530.6,0.1,6.045997,11.185,-2.340349e-05
6507.3,22.0,20.0,2530.7,0.1,6.065515,11.176,-2.3274172e-05
6527.9,21.0,20.0,2530.8,0.1,6.085032,11.168,-2.3155049e-05
6548.6,21.0,20.0,2530.9,0.1,6.104548,11.159,-2.302877e-05
6569.3,20.0,20.0,2531.0,0.1,6.124062,11.15,-2.2904053e-05
6589.9,21.0,20.0,2531.1,0.1,6.143574,11.141,-2.2780865e-05
6612.3,22.0,20.0,2531.2,0.1,6.163085,11.131,-2.2651286e-05
6632.9,21.0,20.0,2531.3,0.1,6.182594,11.122,-2.2531226e-05
6653.6,20.0,20.0,2531.4,0.1,6.202102,11.113,-2.24126e-05
6674.2,21.0,20.0,2531.5,0.1,6.221608,11.103,-2.2287981e-05
6694.9,21.0,20.0,2531.6,0.1,6.241112,11.093,-2.2165057e-05
6717.3,22.0,20.0,2531.7,0.1,6.260615,11.083,-2.2043791e-05
6737.9,21.0,20.0,2531.8,0.1,6.280117,11.073,-2.1924145e-05
6758.6,21.0,20.0,2531.9,0.1,6.299617,11.063,-2.1806081e-05
6779.3,20.0,20.0,2532.0,0.1,6.319115,11.054,-2.1696158e-05
6800.0,21.0,20.0,2532.1,0.1,6.338612,11.043,-2.1574558e-05
6822.3,22.0,20.0,2532.2,0.1,6.358108,11.033,-2.1461029e-05
6842.9,21.0,20.0,2532.3,0.1,6.377601,11.022,-2.1342803e-05
6863.6,20.0,20.0,2532.4,0.1,6.397094,11.011,-2.1226281e-05
6884.3,21.0,20.0,2532.5,0.1,6.416584,11.0,-2.111142e-05
6904.9,21.0,20.0,2532.6,0.1,6.436074,10.99,-2.1003871e-05
6927.3,22.0,20.0,2532.7,0.1,6.455561,10.978,-2.0886517e-05
6947.9,21.0,20.0,2532.8,0.1,6.475047,10.967,-2.0776395e-05
6968.6,21.0,20.0,2532.9,0.1,6.494532,10.955,-2.066251e-05
6989.3,20.0,20.0,2533.0,0.1,6.514015,10.943,-2.0550363e-05
7010.0,21.0,20.0,2533.1,0.1,6.533497,10.932,-2.044489e-05
7032.3,22.0,20.0,2533.2,0.1,6.552976,10.919,-2.0331098e-05
7052.9,21.0,20.0,2533.3,0.1,6.572455,10.907,-2.0223889e-05
7073.6,20.0,20.0,2533.4,0.1,6.591932,10.895,-2.0118236e-05
7094.2,21.0,20.0,2533.5,0.1,6.611407,10.882,-2.0009647e-05
7114.9,21.0,20.0,2533.6,0.1,6.630881,10.87,-1.9907104e-05
7137.3,22.0,20.0,2533.7,0.1,6.650353,10.856,-1.9797595e-05
7158.0,21.0,20.0,2533.8,0.1,6.669824,10.843,-1.9694032e-05
7178.7,21.0,20.0,2533.9,0.1,6.689293,10.831,-1.9595996e-05
7199.4,20.0,20.0,2534.0,0.1,6.708761,10.818,-1.9495425e-05
7220.0,21.0,20.0,2534.1,0.1,6.728227,10.804,-1.9392624e-05
7242.3,22.0,20.0,2534.2,0.1,6.747692,10.79,-1.9291495e-05
7263.0,21.0,20.0,2534.3,0.1,6.767155,10.777,-1.9195475e-05
7283.6,21.0,20.0,2534.4,0.1,6.786616,10.763,-1.9097424e-05
7304.3,20.0,20.0,2534.5,0.1,6.806076,10.749,-1.9000896e-05
7325.0,21.0,20.0,2534.6,0.1,6.825535,10.734,-1.8902675e-05
7347.3,22.0,20.0,2534.7,0.1,6.844992,10.719,-1.880609e-05
7367.9,21.0,20.0,2534.8,0.1,6.864447,10.705,-1.871404e-05
7388.7,21.0,20.0,2534.9,0.1,6.883901,10.69,-1.862046e-05
7409.3,20.0,20.0,2535.0,0.1,6.903353,10.676,-1.8531123e-05
7430.0,21.0,20.0,2535.1,0.1,6.922804,10.661,-1.8440356e-05
7452.3,22.0,20.0,2535.2,0.1,6.942253,10.646,-1.835097e-05
7472.9,21.0,20.0,2535.3,0.1,6.961701,10.629,-1.825794e-05
7493.6,21.0,20.0,2535.4,0.1,6.981147,10.614,-1.8171349e-05
7514.3,20.0,20.0,2535.5,0.1,7.000592,10.598,-1.8083683e-05
7535.0,21.0,20.0,2535.6,0.1,7.020035,10.583,-1.799961e-05
7557.3,22.0,20.0,2535.7,0.1,7.039476,10.566,-1.7912385e-05
7578.0,21.0,20.0,2535.8,0.1,7.058916,10.55,-1.7828656e-05
7598.8,21.0,20.0,2535.9,0.1,7.078355,10.533,-1.7744151e-05
7619.4,20.0,20.0,2536.0,0.1,7.097792,10.516,-1.766097e-05
7640.1,21.0,20.0,2536.1,0.1,7.117227,10.499,-1.7579061e-05
7662.3,22.0,20.0,2536.2,0.1,7.136661,10.481,-1.7496606e-05
7683.0,21.0,20.0,2536.3,0.1,7.156094,10.463,-1.7415467e-05
7703.6,21.0,20.0,2536.4,0.1,7.175524,10.446,-1.7337221e-05
7724.3,20.0,20.0,2536.5,0.1,7.194954,10.428,-1.7258491e-05
7744.9,21.0,20.0,2536.6,0.1,7.214381,10.411,-1.718243e-05
7767.3,22.0,20.0,2536.7,0.1,7.233808,10.392,-1.710448e-05
7788.0,21.0,20.0,2536.8,0.1,7.253232,10.374,-1.7029106e-05
7808.6,21.0,20.0,2536.9,0.1,7.272656,10.355,-1.6953438e-05
7829.3,20.0,20.0,2537.0,0.1,7.292077,10.337,-1.6880134e-05
7850.0,21.0,20.0,2537.1,0.1,7.311497,10.318,-1.680656e-05
7872.3,22.0,20.0,2537.2,0.1,7.330916,10.299,-1.6733994e-05
7893.0,21.0,20.0,2537.3,0.1,7.350333,10.28,-1.6662392e-05
7913.6,21.0,20.0,2537.4,0.1,7.369749,10.261,-1.6591715e-05
7934.3,20.0,20.0,2537.5,0.1,7.389163,10.24,-1.6519887e-05
7954.9,21.0,20.0,2537.6,0.1,7.408575,10.221,-1.6451028e-05
7977.3,22.0,20.0,2537.7,0.1,7.427986,10.2,-1.6381118e-05
7998.0,21.0,20.0,2537.8,0.1,7.447395,10.181,-1.6313917e-05
8018.6,21.0,20.0,2537.9,0.1,7.466803,10.159,-1.6244914e-05
8039.3,20.0,20.0,2538.0,0.1,7.48621,10.139,-1.6178456e-05
8060.0,21.0,20.0,2538.1,0.1,7.505614,10.118,-1.6111969e-05
8082.4,22.0,20.0,2538.2,0.1,7.525018,10.096,-1.6045531e-05
8103.0,21.0,20.0,2538.3,0.1,7.544419,10.074,-1.5979904e-05
8123.7,21.0,20.0,2538.4,0.1,7.56382,10.053,-1.5915707e-05
8144.4,20.0,20.0,2538.5,0.1,7.583218,10.03,-1.5850925e-05
8165.0,21.0,20.0,2538.6,0.1,7.602616,10.008,-1.5787499e-05
8187.3,22.0,20.0,2538.7,0.1,7.622011,9.984,-1.5723607e-05
8208.0,21.0,20.0,2538.8,0.1,7.641405,9.96,-1.5660461e-05
8228.6,21.0,20.0,2538.9,0.1,7.660798,9.936,-1.5598021e-05
8249.3,20.0,20.0,2539.0,0.1,7.680189,9.911,-1.5535773e-05
8270.0,21.0,20.0,2539.1,0.1,7.699579,9.886,-1.547421e-05
8292.3,22.0,20.0,2539.2,0.1,7.718967,9.86,-1.5412869e-05
8313.0,21.0,20.0,2539.3,0.1,7.738353,9.833,-1.5351787e-05
8333.7,21.0,20.0,2539.4,0.1,7.757738,9.806,-1.5291374e-05
8354.3,20.0,20.0,2539.5,0.1,7.777121,9.778,-1.5231237e-05
8375.0,21.0,20.0,2539.6,0.1,7.796503,9.749,-1.5171403e-05
8397.3,22.0,20.0,2539.7,0.1,7.815884,9.718,-1.5111593e-05
8418.0,21.0,20.0,2539.8,0.1,7.835263,9.687,-1.5052457e-05
8438.7,21.0,20.0,2539.9,0.1,7.85464,9.655,-1.4993686e-05
8459.4,20.0,20.0,2540.0,0.1,7.874016,9.621,-1.4935048e-05
8480.1,21.0,20.0,2540.1,0.1,7.89339,9.585,-1.487661e-05
8502.3,22.0,20.0,2540.2,0.1,7.912763,9.547,-1.4818429e-05
8523.0,21.0,20.0,2540.3,0.1,7.932134,9.509,-1.4760933e-05
8543.7,21.0,20.0,2540.4,0.1,7.951504,9.469,-1.4703719e-05
8564.4,20.0,20.0,2540.5,0.1,7.970872,9.423,-1.4646204e-05
8585.0,21.0,20.0,2540.6,0.1,7.990239,9.378,-1.4589584e-05
8607.3,22.0,20.0,2540.7,0.1,8.009604,9.323,-1.453237e-05
8628.0,21.0,20.0,2540.8,0.1,8.028967,9.27,-1.4476231e-05
8648.7,21.0,20.0,2540.9,0.1,8.048329,9.208,-1.4419938e-05
8669.4,20.0,20.0,2541.0,0.1,8.06769,9.143,-1.4364237e-05
8690.0,21.0,20.0,2541.1,0.1,8.087049,9.065,-1.4308431e-05
8712.3,22.0,20.0,2541.2,0.1,8.106406,8.97,-1.4252633e-05
8733.0,21.0,20.0,2541.3,0.1,8.125762,8.865,-1.419754e-05
8753.7,21.0,20.0,2541.4,0.1,8.145117,8.746,-1.4143076e-05
8774.3,20.0,20.0,2541.5,0.1,8.16447,8.601,-1.4089055e-05
8795.0,21.0,20.0,2541.6,0.1,8.183821,8.421,-1.4035611e-05
8817.3,22.0,20.0,2541.7,0.1,8.203171,8.172,-1.398268e-05
8838.0,21.0,20.0,2541.8,0.1,8.222519,7.987,-1.3931361e-05
8858.7,21.0,20.0,2541.9,0.1,8.241866,7.863,-1.3880739e-05
8879.4,20.0,20.0,2542.0,0.1,8.261212,7.767,-1.3830363e-05
8900.0,21.0,20.0,2542.1,0.1,8.280555,7.684,-1.3780095e-05
8922.3,22.0,20.0,2542.2,0.1,8.299898,7.598,-1.3729863e-05
8943.0,21.0,20.0,2542.3,0.1,8.319238,7.535,-1.3679717e-05
8963.7,21.0,20.0,2542.4,0.1,8.338578,7.473,-1.362959e-05
8984.3,20.0,20.0,2542.5,0.1,8.357915,7.417,-1.3579487e-05
9005.0,21.0,20.0,2542.6,0.1,8.377252,7.36,-1.3529392e-05
9027.3,22.0,20.0,2542.7,0.1,8.396586,7.301,-1.3479301e-05
9048.0,21.0,20.0,2542.8,0.1,8.415919,7.255,-1.3429236e-05
9068.7,21.0,20.0,2542.9,0.1,8.435251,7.205,-1.3379169e-05
9089.4,20.0,20.0,2543.0,0.1,8.454581,7.159,-1.332911e-05
9110.1,21.0,20.0,2543.1,0.1,8.47391,7.117,-1.3279059e-05
9132.3,22.0,20.0,2543.2,0.1,8.493237,7.069,-1.3229001e-05
9153.0,21.0,20.0,2543.3,0.1,8.512562,7.029,-1.3178954e-05
9173.7,21.0,20.0,2543.4,0.1,8.531886,6.989,-1.3128907e-05
9194.4,20.0,20.0,2543.5,0.1,8.551209,6.952,-1.3078864e-05
9215.0,21.0,20.0,2543.6,0.1,8.57053,6.916,-1.3028821e-05
9237.3,22.0,20.0,2543.7,0.1,8.589849,6.876,-1.2978773e-05
9258.0,21.0,20.0,2543.8,0.1,8.609167,6.842,-1.2928731e-05
9278.7,21.0,20.0,2543.9,0.1,8.628484,6.81,-1.287869e-05
9299.3,20.0,20.0,2544.0,0.1,8.647799,6.78,-1.2828651e-05
9320.0,21.0,20.0,2544.1,0.1,8.667112,6.749,-1.2778609e-05
9342.3,22.0,20.0,2544.2,0.1,8.686424,6.72,-1.2728569e-05
9363.0,21.0,20.0,2544.3,0.1,8.705734,6.69,-1.2678525e-05
9383.7,21.0,20.0,2544.4,0.1,8.725043,6.663,-1.2628484e-05
9404.4,20.0,20.0,2544.5,0.1,8.744351,6.635,-1.257844e-05
9425.1,21.0,20.0,2544.6,0.1,8.763656,6.609,-1.2528397e-05
9447.3,22.0,20.0,2544.7,0.1,8.782961,6.581,-1.2478349e-05
9468.0,21.0,20.0,2544.8,0.1,8.802263,6.556,-1.2428304e-05
9488.7,21.0,20.0,2544.9,0.1,8.821565,6.531,-1.2378257e-05
9509.4,20.0,20.0,2545.0,0.1,8.840864,6.506,-1.2328208e-05
9530.1,21.0,20.0,2545.1,0.1,8.860163,6.48,-1.2278154e-05
9552.3,22.0,20.0,2545.2,0.1,8.879459,6.456,-1.2228102e-05
9573.0,21.0,20.0,2545.3,0.1,8.898755,6.431,-1.2178045e-05
9593.7,21.0,20.0,2545.4,0.1,8.918048,6.406,-1.2127985e-05
9614.4,20.0,20.0,2545.5,0.1,8.93734,6.383,-1.2077928e-05
9635.0,21.0,20.0,2545.6,0.1,8.956631,6.358,-1.2027862e-05
9657.4,22.0,20.0,2545.7,0.1,8.97592,6.331,-1.1977787e-05
9678.0,21.0,20.0,2545.8,0.1,8.995208,6.31,-1.1927725e-05
9698.7,21.0,20.0,2545.9,0.1,9.014494,6.283,-1.1877642e-05
9719.3,20.0,20.0,2546.0,0.1,9.033778,6.258,-1.1827561e-05
9740.0,21.0,20.0,2546.1,0.1,9.053062,6.232,-1.1777471e-05
9762.3,22.0,20.0,2546.2,0.1,9.072343,6.207,-1.172738e-05
9783.0,21.0,20.0,2546.3,0.1,9.091623,6.182,-1.1677284e-05
9803.7,21.0,20.0,2546.4,0.1,9.110902,6.154,-1.162717e-05
9824.4,20.0,20.0,2546.5,0.1,9.130179,6.126,-1.1577049e-05
9845.0,21.0,20.0,2546.6,0.1,9.149454,6.099,-1.1526925e-05
9867.4,22.0,20.0,2546.7,0.1,9.168728,6.068,-1.1476772e-05
9888.0,21.0,20.0,2546.8,0.1,9.188001,6.039,-1.142662e-05
9908.7,21.0,20.0,2546.9,0.1,9.207272,6.007,-1.137644e-05
9929.4,20.0,20.0,2547.0,0.1,9.226541,5.976,-1.1326252e-05
9950.1,21.0,20.0,2547.1,0.1,9.245809,5.94,-1.1276018e-05
9972.4,22.0,20.0,2547.2,0.1,9.265075,5.904,-1.1225763e-05
9993.0,21.0,20.0,2547.3,0.1,9.28434,5.866,-1.1175471e-05
10013.7,21.0,20.0,2547.4,0.1,9.303604,5.827,-1.1125143e-05
10034.4,20.0,20.0,2547.5,0.1,9.322866,5.784,-1.1074747e-05
10055.0,21.0,20.0,2547.6,0.1,9.342126,5.737,-1.1024266e-05
10077.4,22.0,20.0,2547.7,0.1,9.361385,5.685,-1.097367e-05
10098.0,21.0,20.0,2547.8,0.1,9.380642,5.63,-1.0922958e-05
10118.7,21.0,20.0,2547.9,0.1,9.399898,5.566,-1.0872008e-05
10139.4,20.0,20.0,2548.0,0.1,9.419152,5.498,-1.0820833e-05
10160.0,21.0,20.0,2548.1,0.1,9.438405,5.415,-1.0769127e-05
10182.4,22.0,20.0,2548.2,0.1,9.457656,5.321,-1.0716757e-05
10203.0,21.0,20.0,2548.3,0.1,9.476906,5.204,-1.0662993e-05
10223.7,21.0,20.0,2548.4,0.1,9.496154,5.069,-1.0607183e-05
10244.4,20.0,20.0,2548.5,0.1,9.515401,4.888,-1.0545939e-05
10265.1,21.0,20.0,2548.6,0.1,9.534646,4.699,-1.0477953e-05
10287.4,22.0,20.0,2548.7,0.1,9.55389,4.505,-1.0399247e-05
10308.0,21.0,20.0,2548.8,0.1,9.573132,4.35,-1.031507e-05
10328.7,21.0,20.0,2548.9,0.1,9.592373,4.218,-1.0224625e-05
10349.4,20.0,20.0,2549.0,0.1,9.611612,4.117,-1.0134219e-05
10370.0,21.0,20.0,2549.1,0.1,9.63085,4.028,-1.0039926e-05
10392.4,22.0,20.0,2549.2,0.1,9.650086,3.958,-9.948116e-06
10413.0,21.0,20.0,2549.3,0.1,9.669321,3.894,-9.853518e-06
10433.7,21.0,20.0,2549.4,0.1,9.688554,3.84,-9.76042e-06
10454.4,20.0,20.0,2549.5,0.1,9.707786,3.79,-9.66544e-06
10475.1,21.0,20.0,2549.6,0.1,9.727016,3.747,-9.572387e-06
10497.4,22.0,20.0,2549.7,0.1,9.746245,3.705,-9.476012e-06
10518.0,21.0,20.0,2549.8,0.1,9.765472,3.669,-9.382526e-06
10538.7,21.0,20.0,2549.9,0.1,9.784697,3.635,-9.288008e-06
10559.4,20.0,20.0,2550.0,0.1,9.803922,3.605,-9.195721e-06
